economy,Country,gdp_per_capita_ppp,life_expectancy,infant_mortality,primary_enrollment,gini_index,co2_per_capita,internet_users_pct,trade_pct_gdp,unemployment_rate,urban_population_pct,aggregate,income_level
AFE,Africa Eastern and Southern,4840.26519950124,65.3499304660954,40.6888559393643,101.309242248535,,0.837679788408201,30.4,51.9948174671171,7.53923324035891,38.7021396558821,True,
AFW,Africa Western and Central,7184.66448266193,59.041538008007,56.4625109271234,91.0609893798828,,0.503085151918467,42.4,33.0232600987629,3.19297271435272,53.4772052295821,True,
ARB,Arab World,19783.1661012207,72.721805028968,26.5842683163759,91.5640716552734,,4.57571631886073,,65.3540912329816,9.19017299614363,60.0362191816888,True,
CSS,Caribbean small states,42963.806092907,73.3126671321816,16.5270411916146,94.0412826538086,,8.13172771454883,,,7.55485245853424,50.1011216203825,True,
CEB,Central Europe and the Baltics,52849.0502475199,77.918095146168,3.97575075564461,98.6306533813477,,5.93471167460506,,113.271260668201,4.14260588932297,61.9065627516826,True,
EAR,Early-demographic dividend,14620.932240004,72.0081190674171,25.0635048695029,105.642349243164,,2.53313315432389,,52.5380925469247,5.15217207899997,47.668162672247,True,
EAS,East Asia & Pacific,29302.8935831596,76.7378937238629,10.7,100.047248840332,,7.35284100773285,88.4,63.838293587838,3.80602951002153,64.7709883214594,True,
EAP,East Asia & Pacific (excluding high income),25083.7806139111,75.9593161676786,11.3362845942632,99.9748001098633,,7.14637561812689,88.1,46.8838486059509,3.91810951483912,62.0532518845953,True,
TEA,East Asia & Pacific (IDA & IBRD countries),25366.6056330139,75.9869566179365,11.3017036600591,100.048690795898,,7.20519624032874,88.9,46.885138586695,3.92396383247478,62.0267995645331,True,
EMU,Euro area,67483.0829954093,82.246870032101,3.05533756666221,102.890296936035,,5.40186008376873,,87.3240296135247,6.28355946264135,77.4751873230132,True,
ECS,Europe & Central Asia,54129.367938537,78.5976161914947,6.6,99.9414596557617,,6.61623076737496,92.4,81.8204655273109,5.35931988514529,74.0723400318719,True,
ECA,Europe & Central Asia (excluding high income),30030.257867286,75.1422790044247,11.534558084555,96.6787490844727,,5.14090335677955,87.5,61.2226152031593,6.84424613953164,68.3267539699245,True,
TEC,Europe & Central Asia (IDA & IBRD countries),39498.078452217,74.965455732724,9.05954315660152,97.0421981811523,,8.09205078272868,90.8,55.6517930110373,4.62126731959311,69.1547566263432,True,
EUU,European Union,65503.0695908092,81.5608466061313,3.20069839508258,102.439392089844,,5.46920331874023,,90.139339730175,5.92604538207809,75.1738610583145,True,
HPC,Heavily indebted poor countries (HIPC),3833.88968092125,64.9203978854631,42.760085700228,100.075187683105,,0.317849216198668,,50.204455015635,4.14304356025997,38.332449317985,True,
HIC,High income,69953.0047569439,80.3938747881042,4.2,99.8059997558594,,9.75478670141617,94.2,60.5442560961228,4.40673460951033,80.2483970459505,True,
IBD,IBRD only,22330.2081478905,74.6728746420716,16.6041039663492,105.780838012695,,5.174696773473,82.7,49.2964763371863,4.97728646218035,58.6463509114596,True,
IBT,IDA & IBRD total,17699.533752673,72.1341361054704,29.7702528243806,102.438049316406,,3.88766822076006,70.3,49.065709620698,4.84350017425836,53.6757479244859,True,
IDB,IDA blend,8089.58949895873,62.619940785485,52.9405212393935,91.0903167724609,,0.841413342708494,44.2,29.9536933396282,4.42715825954522,49.2173940770698,True,
IDX,IDA only,4969.26059674433,67.2462931175477,39.4774138683816,100.371231079102,,0.432023607013772,36.1,47.9762341437422,4.43073240687791,36.8594065949293,True,
IDA,IDA total,6044.38020226913,65.6366628053028,44.1055217776832,97.2686233520508,,0.575459119201334,38.9,47.2468719474343,4.42940600465558,41.1497531407779,True,
LTE,Late-demographic dividend,30341.9195453314,77.2329659519788,7.1538191004816,100.273399353027,,7.95633098734332,,50.7613707484667,4.49833547120506,67.6587211144091,True,
LCN,Latin America & Caribbean,23901.1707987798,75.8179100020065,13.3,104.589141845703,,2.67617567587541,83.7,49.1445739335766,5.45907691012021,81.5060587040558,True,
LAC,Latin America & Caribbean (excluding high income),22825.2477825485,75.5362004917305,13.4942432459834,104.340461730957,,2.59304670790239,83.6,47.5458401566158,5.28646121885159,81.3986631711555,True,
TLA,Latin America & the Caribbean (IDA & IBRD countries),23773.0633533423,75.7447305457286,13.3773185376884,104.723831176758,,2.6775410663542,83.9,48.6249860556184,5.50986634654456,81.5103934487331,True,
LDC,Least developed countries: UN classification,4685.23358097877,66.7090446173001,40.6683325528764,100.6826171875,,0.379115119323131,33.7,43.6656571524012,4.66754018615311,36.6351976248878,True,
LMY,Low & middle income,16517.6822374018,72.02401270252,30.1504237873308,102.346519470215,,3.64043241148153,,48.5081450811431,4.88528914450382,53.1245267427522,True,
LIC,Low income,2711.53101277943,65.236848074161,46.7,97.5728912353516,,0.30473529656669,23.4,47.6284082388976,4.89021265057929,35.1617278732072,True,
LMC,Lower middle income,10941.9039439899,69.5243427458333,33.1,105.352798461914,,1.59677554835042,62.9,46.5666127070388,4.50434385605843,42.0137846915991,True,
MEA,"Middle East, North Africa, Afghanistan & Pakistan",16920.6041192154,72.3150125047629,32.0,94.6325531005859,,4.09239431844529,63.7,57.2254672936052,7.78205479742957,55.9556552886396,True,
MNA,"Middle East, North Africa, Afghanistan & Pakistan (excluding high income)",11613.8367941991,71.4871863765917,33.5717272338857,,,2.72400325211606,0.0,56.5007572334311,8.69378066221379,52.8628681640079,True,
TMN,"Middle East, North Africa, Afghanistan & Pakistan (IDA & IBRD)",11663.1088560566,71.5035205544959,33.7113790157987,,,2.72400325211606,60.2,56.3025998438537,8.69378066221379,52.6132026777518,True,
MIC,Middle income,18286.062189255,72.8726073761326,26.1818063007917,103.311218261719,,4.05179576840628,,48.5199870997703,4.88480834136692,55.413010423551,True,
NAC,North America,87503.8500858099,79.2390403034254,5.4,96.7801818847656,,13.6637410857506,95.6,28.4572777615195,4.51108669589749,80.4869628398688,True,
OED,OECD members,64192.5290195702,80.3985705098059,5.84271995128145,100.67236328125,,7.91760825951129,,56.884203306257,4.92729125540891,81.3158337292265,True,
OSS,Other small states,30603.52331318,73.8137960223999,24.4935735362477,102.251792907715,,3.6803500234961,,148.580102427747,8.59085524676197,55.1790329785941,True,
PSS,Pacific island small states,8735.40490937936,69.440356940231,18.7181576263624,97.7588119506836,,1.53236017185883,,107.346037482762,3.51831083728422,40.8754719242034,True,
PST,Post-demographic dividend,70762.8697352539,81.1124065061669,4.09735339069774,99.3445510864258,,8.76572462478417,,58.8537356684392,4.69905638249338,81.2440377612744,True,
PRE,Pre-demographic dividend,5479.27016520918,62.3537442260657,48.9788397649421,98.3118515014648,,0.57183280300684,,,4.54407578031541,45.9503662459409,True,
SST,Small states,30378.738821689,73.1115272530592,21.78651542672,100.858131408691,,4.41526557538702,0.0,139.812410499294,7.75850083202263,52.1047234338587,True,
SAS,South Asia,11562.1850810909,72.5599614464264,23.2,119.026802062988,,1.9797015154543,67.8,44.6187059771453,4.24320442446027,35.7927050201319,True,
TSA,South Asia (IDA & IBRD),11562.1850810909,72.5599614464264,23.1983353430041,119.026802062988,,1.9797015154543,67.8,44.6187059771453,4.24320442446027,35.7927050201319,True,
SSF,Sub-Saharan Africa,5785.99485616741,62.8036817702073,47.1,97.1016311645508,,0.701365645638598,35.7,55.6767656030774,5.66118665705316,44.6585400495213,True,
SSA,Sub-Saharan Africa (excluding high income),5783.20341637366,62.8024124096261,47.1195528095233,97.1018218994141,,0.70074501480166,36.5,55.5427006162854,5.66118665705316,44.6584634972637,True,
TSS,Sub-Saharan Africa (IDA & IBRD countries),5785.99485616742,62.8036817702073,47.1181350718033,97.1016311645508,,0.701365645638598,35.2,55.6767656030774,5.66118665705316,44.6585400495213,True,
UMC,Upper middle income,25523.4542028292,76.0451247995029,10.9,100.673202514648,,6.38040407867685,88.8,48.8968233184097,5.18391394822957,68.2306890215885,True,
WLD,World,25703.7416091769,73.4818184164654,27.7,102.159400939941,,4.69378456136626,73.6,68.4920790757033,4.7913330740211,57.8251158115221,True,
AFG,Afghanistan,2236.19907311431,66.289,48.3,112.230903625488,,0.2829802981146,16.09499931,83.763025087768,13.351,25.9401644699898,False,LIC
ALB,Albania,28220.7950617158,79.776,8.3,111.511650085449,29.4,1.7852214941728,85.86389923,79.5328146239161,10.926,58.871474331067,False,UMC
DZA,Algeria,18586.2607480579,76.475,19.5,105.480690694811,27.6,3.98080005796518,77.4178009,38.9789440161631,11.633,75.8187358069877,False,UMC
AND,Andorra,79566.7925868466,84.188,2.4,99.8579545454545,,,94.39759827,,,88.9492672283129,False,HIC
AGO,Angola,10251.3457063657,64.805,32.1,86.7353918783767,51.3,0.741712294740973,40.70479965,34.6466403704517,14.108,71.4615915176085,False,LMC
ATG,Antigua and Barbuda,35832.4795485115,77.766,7.0,112.255406797116,,3.79857526767052,72.73040009,118.302584056113,,24.3334834700661,False,HIC
ARG,Argentina,32586.6312086783,77.543,8.0,102.535244031037,42.4,4.01066531653131,89.66715228,30.364633685192,7.145,92.3519221615173,False,UMC
ARM,Armenia,24754.2118320452,78.319512195122,8.5,101.990554375733,27.4,2.47028185264546,81.33930206,101.705936395702,12.871,65.9287015589872,False,UMC
ABW,Aruba,51712.1531358934,76.5,,107.716996929947,,5.14838649937497,97.17,164.138645148918,,61.7485249229588,False,HIC
AUS,Australia,71934.4033931263,83.0512195121951,3.1,99.6071014404297,33.8,14.0986639619808,96.13140106,45.9014493880126,4.09,87.7192672666333,False,HIC
AUT,Austria,76777.5421537618,81.9951219512195,2.8,101.308898925781,31.2,6.32278424603578,91.92573373,107.01983926573,5.582,69.7152152366353,False,HIC
AZE,Azerbaijan,26112.5306828203,74.576,12.5,105.625024046785,26.6,3.81144251153847,90.80000181,79.8295815452306,5.457,58.6371024281175,False,UMC
BHS,"Bahamas, The",41257.7650774105,74.71,11.1,92.856648199446,,3.63633645083395,92.47270203,79.2424586933455,9.207,81.3309172016028,False,HIC
BHR,Bahrain,70996.7821254802,81.423,7.3,96.8752475247525,,23.8999918170545,100.0,157.480869430187,1.102,100.0,False,HIC
BGD,Bangladesh,10153.7083791829,74.93,24.4,106.491310395865,30.9,0.715539343541092,53.42171316,27.9505840425563,3.778,33.2395847043975,False,LMC
BRB,Barbados,25893.8676913012,76.332,9.1,83.9370240790286,34.1,2.52348061897496,70.36470032,,6.524,59.6996239887007,False,HIC
BLR,Belarus,34715.9778689211,74.3653414634147,1.8,96.8224030073024,24.4,5.93649429972465,94.26182128,112.107625821378,3.38,79.4945820380127,False,UMC
BEL,Belgium,74675.607672673,82.3,3.1,102.108009338379,26.8,7.30661519351762,95.77579144,152.917788719365,5.906,87.6726083114649,False,HIC
BLZ,Belize,14965.7521203147,73.739,10.8,96.4819245941926,39.9,0.932452909809338,80.00582262,108.972446521476,8.856,41.5621435428272,False,UMC
BEN,Benin,4816.87504692826,60.961,45.2,108.036239624023,34.4,0.487328666439324,33.98379898,37.1169356248994,1.589,53.3620073968188,False,LMC
BMU,Bermuda,118727.973294368,82.49,,92.8512496948242,,4.1354663036079,98.37,80.2060884448408,,100.0,False,HIC
BTN,Bhutan,19594.0028382994,73.262,13.7,114.881123575514,28.5,2.01118348906666,91.27739716,79.3625417953324,3.227,43.4301832473753,False,LMC
BOL,Bolivia,12873.0394876629,68.739,14.2,93.6766510009766,40.9,2.29073378062186,79.70469666,46.9778716148403,2.967,71.5631037265869,False,LMC
BIH,Bosnia and Herzegovina,25814.2641520511,78.044,5.5,101.194877624512,30.3,6.44935787372249,86.10091103,95.1215717200063,11.037,52.6915440779561,False,UMC
BWA,Botswana,20697.9104661898,69.293,32.1,109.27325614686,54.9,2.73749285541178,57.45950036,69.5446677858652,24.477,67.9559561532102,False,UMC
BRA,Brazil,23433.2897595431,76.023,12.3,104.296913146973,50.3,2.31826466114939,84.46347227,35.2914822615074,5.97,88.1772996487898,False,UMC
BRN,Brunei Darussalam,92429.9262686398,75.501,8.6,94.8207871800668,,20.2426516194424,96.29828801,123.609124931602,5.277,75.0109886586819,False,HIC
BGR,Bulgaria,44451.1001576913,75.7609756097561,4.6,95.2764205932617,39.5,5.30760215797104,82.438955,102.514263507931,3.536,74.1727501848475,False,HIC
BFA,Burkina Faso,3071.62546744866,61.292,43.6,77.1665925504108,37.4,0.274990879570369,28.25270081,65.0029506969427,3.477,28.9226360719085,False,LIC
BDI,Burundi,1248.05425025467,63.818,30.5,100.627548217773,37.5,0.0689574855425617,8.595999718,,0.922,25.6870184681663,False,LIC
CPV,Cabo Verde,12165.2989335356,76.224,10.6,102.973013922324,42.4,1.28830183071462,74.73519897,95.3284601191981,11.939,77.6300668010068,False,UMC
KHM,Cambodia,8542.6965378612,70.817,16.4,108.971332849667,,1.10207037315065,68.47530365,136.089748673383,0.263,41.10561939401,False,LMC
CMR,Cameroon,5787.85440270861,63.968,40.2,114.407278765947,42.2,0.353419532873246,46.25880051,33.3842706629963,3.602,55.6692041661323,False,LMC
CAN,Canada,66745.8248561648,82.1080487804878,4.7,95.0100479125977,31.5,14.0072704088031,94.353302,63.5105049692227,6.907,82.8757020253886,False,HIC
CYM,Cayman Islands,92201.086358256,80.54,,95.7366909653192,,4.99617228736049,81.0676932508161,105.472790158919,,100.0,False,HIC
CAF,Central African Republic,1313.8765680523,57.671,58.8,96.8125991821289,43.0,0.0632938700243308,13.78250027,52.9067459083503,6.251,44.5532156681816,False,LIC
TCD,Chad,2902.7406157583,55.238,56.3,88.464521953345,37.4,0.142508619707364,12.62689972,46.1321498031281,1.057,27.5658786336865,False,LIC
CHL,Chile,37774.0879069903,81.359,5.8,99.4942321777344,43.0,3.93744000373189,95.590243,64.984377042281,8.974,89.1772830019223,False,HIC
CHN,China,29333.3311051433,78.017,4.1,99.644962886981,36.0,9.31508933799393,91.6,37.9563878652312,4.615,66.3429910348272,False,UMC
COL,Colombia,22640.4224606513,77.913,10.5,104.830467224121,54.4,1.79780371737796,79.34543299,35.3689564685036,8.29,78.7827914751151,False,UMC
COM,Comoros,4238.26133409182,67.023,35.0,97.0049189979678,30.3,0.514984514693732,32.51750183,40.8852246183221,3.819,33.941547481361,False,LMC
COD,"Congo, Dem. Rep.",1919.82250200565,62.074,56.4,117.602096557617,44.7,0.0568247825820182,19.67350006,87.3342878785207,4.434,45.1135633042151,False,LIC
COG,"Congo, Rep.",7248.44439070757,66.001,27.0,87.880241394043,48.9,1.33536271579755,47.25159836,91.6690172364453,19.876,64.1236534817412,False,LMC
CRI,Costa Rica,33814.7696296148,80.996,9.1,104.774353027344,45.5,1.63283566378358,87.17019653,71.4919046503354,6.843,79.7268137993004,False,HIC
CIV,Cote d'Ivoire,8208.90898574972,62.11,44.8,93.2964368826882,35.3,0.589054440955677,41.43219902,54.5579069336573,2.323,54.5489501450761,False,LMC
HRV,Croatia,50946.1671131832,78.9292682926829,4.1,101.157791137695,30.1,4.83151414825927,83.63240029,100.986286636193,5.002,57.8144543604143,False,HIC
CUW,Curacao,32740.7736763943,76.989,,79.3049163818359,,,68.1272162511339,155.268858771687,,91.4727714986125,False,HIC
CYP,Cyprus,64574.62109375,81.821,4.1,105.259872436523,31.8,5.40469504859816,89.60099246,189.496102105437,4.924,66.6950270703775,False,HIC
CZE,Czechia,60487.2877495391,79.9780487804878,2.1,99.699089050293,25.7,7.12966532502255,87.68776014,128.039437374276,2.825,72.8754367116112,False,HIC
DNK,Denmark,83218.071525634,82.2536585365854,3.5,99.7760925292969,29.9,4.2782054919933,99.76915157,129.222304332118,5.529,88.8458435892689,False,HIC
DJI,Djibouti,8451.96838146073,66.202,43.0,,41.6,0.765537056716653,65.29889679,206.296043192215,26.015,72.9758660686475,False,LMC
DMA,Dominica,22713.1288027433,71.294,33.3,97.6606082418571,,1.27331772524734,82.04689789,,,73.9861616678942,False,UMC
DOM,Dominican Republic,28721.0964580217,73.868,27.7,101.939084340722,39.0,2.99473457012728,91.0022446,51.4949057079303,5.092,72.517694062591,False,UMC
ECU,Ecuador,16756.6539631307,77.579,10.9,97.2490097236115,45.9,2.64474970000791,77.17273115,59.3567812036511,3.308,63.3918189058262,False,UMC
EGY,"Egypt, Arab Rep.",20204.0130500153,71.806,20.8,96.7073863024522,28.5,2.50251380967098,74.64839935,51.334347878828,6.781,42.9043204925248,False,LMC
SLV,El Salvador,14101.1774819291,72.302,8.8,89.8804082588561,39.8,1.50569728627702,66.47769928,88.1580664327311,3.303,75.5237123209951,False,UMC
GNQ,Equatorial Guinea,16133.1056143137,63.906,47.6,47.5486488342285,38.5,2.55052004844345,63.29930115,74.9321719146879,8.337,71.5761028458697,False,UMC
ERI,Eritrea,1742.32363018235,68.893,24.7,89.7312469482422,,0.220047329974547,14.34939957,47.3937901188684,5.978,34.5404504255216,False,LIC
EST,Estonia,52105.5093433416,79.2951219512195,1.5,97.8220596313477,30.7,7.75936884491537,92.23796204,155.759916645579,8.313,70.7208526598129,False,HIC
SWZ,Eswatini,12529.2796629252,64.264,42.2,116.527002594136,54.6,0.880335237065324,63.40309906,107.480621053879,34.202,26.7213709706525,False,LMC
ETH,Ethiopia,3621.67487597821,67.603,34.5,84.4160102082984,31.1,0.146636636122491,21.94129944,33.4597826561314,3.323,24.1096952088946,False,LIC
FRO,Faroe Islands,82089.2832575392,83.0832463414634,,,,0.0384333821376281,97.5819589384468,105.752803037623,,39.643321785446,False,HIC
FJI,Fiji,16337.5722970567,67.463,23.5,110.377230542693,30.7,1.62222863442953,74.7052002,118.962880886427,5.347,59.5444551836369,False,UMC
FIN,Finland,65884.4876972259,82.3365853658537,1.9,98.865608215332,27.4,5.53521221243539,93.72405196,83.3959439712015,9.461,74.5247844319848,False,HIC
FRA,France,63975.353585864,82.9804878048781,3.4,103.439743041992,31.8,4.00355772602595,88.65381638,67.1923772838849,7.542,78.8449650563584,False,HIC
GAB,Gabon,22218.341068445,68.511,25.9,100.171603677222,38.0,2.0474983378969,68.72090149,84.8918905135603,20.154,92.0876666682068,False,UMC
GMB,"Gambia, The",3705.64184038599,66.057,32.7,100.429016187878,38.8,0.178370340740612,49.49430084,62.1713935326955,6.521,64.9884861325581,False,LIC
GEO,Georgia,29414.3813424216,74.657,7.5,99.3560206839885,33.9,3.53241610924853,83.79855689,100.627997400937,12.097,61.1781364090406,False,UMC
DEU,Germany,75406.6888111618,80.7926829268293,3.1,102.638023376465,33.7,6.94395663386317,93.49999579,78.5128112199127,3.711,82.13822205362,False,HIC
GHA,Ghana,8610.2796922986,65.695,27.5,100.967018127441,43.5,0.702085843566409,72.17569733,68.9668717609486,2.979,58.9246861473125,False,LMC
GRC,Greece,45263.6498511586,81.8390243902439,3.2,102.020217895508,33.4,5.04642227577271,86.26968886,83.4516228818392,8.54,79.2246082848537,False,HIC
GRL,Greenland,78905.5801137274,70.2734146341463,,,,10.4528819762123,69.4824617821988,91.8900994375821,,88.5740108655152,False,HIC
GRD,Grenada,21345.9653408221,75.367,16.4,110.590518436374,43.8,1.50076360626925,70.16159821,,,36.6708064336827,False,UMC
GTM,Guatemala,15197.0831415082,72.746,17.2,101.488831252809,45.2,1.1066501528086,60.22140121,46.527609355823,2.604,56.2972033013999,False,UMC
GIN,Guinea,4934.65125959855,60.904,59.8,100.474517822266,29.6,0.352794025802477,33.30469894,103.678013340369,5.163,38.5165334466562,False,LMC
GNB,Guinea-Bissau,3293.09532269486,64.254,42.1,113.436782836914,33.4,0.155449923501557,29.77739906,40.8792835027354,2.673,46.6510315281292,False,LIC
GUY,Guyana,97899.0116180627,70.319,23.2,97.5535955044616,45.1,4.55860818422139,83.00080109,194.350757310172,11.962,26.4913876548981,False,HIC
HTI,Haiti,3133.72347930529,65.119,39.0,183.989440244666,41.1,0.298473814991934,47.8614006,15.8854793452678,14.944,55.6148855859942,False,LMC
HND,Honduras,7871.09129065536,73.044,12.8,78.9690848390083,45.7,1.13551979026212,58.62269974,91.507337541504,4.92,59.2517075900659,False,LMC
HKG,"Hong Kong SAR, China",80422.8129947646,85.3926829268293,,103.152955896153,,4.60070971943488,95.75536971,396.645420727816,2.799,100.0,False,HIC
HUN,Hungary,49837.6008411067,76.7243902439025,3.1,102.887977600098,30.6,4.45791782423566,93.77898628,140.779303903333,4.521,70.6936831786278,False,HIC
ISL,Iceland,83431.2131434311,82.809756097561,2.1,98.2218322753906,26.8,8.5199194837855,98.209198,82.4877303813374,3.625,94.2179320191117,False,HIC
IND,India,11747.9160436011,72.235,23.3,111.033783181676,25.5,2.17365173535787,70.0,46.2682006859907,4.219,35.689155772396,False,LMC
IDN,Indonesia,17659.7921291587,71.288,15.2,100.371428697375,34.4,2.86503978188758,72.78075544,43.3912070511204,3.237,59.3929063969984,False,UMC
IRN,"Iran, Islamic Rep.",19699.2193549189,77.854,10.3,101.962623596191,35.9,9.05329342087712,85.3404007,60.2426223967467,8.301,77.3761530941751,False,UMC
IRQ,Iraq,14266.7965348226,72.424,20.1,104.57022857666,29.8,5.18375227496016,81.47450256,77.1389393108395,15.485,69.9396739468105,False,UMC
IRL,Ireland,155089.413131749,83.009756097561,3.4,96.4761428833008,29.0,6.03605774131313,97.18769836,239.958912343567,4.632,64.5875793756168,False,HIC
ISR,Israel,59716.9735387228,83.1975609756098,2.7,97.4422836303711,38.3,5.76527164023915,88.18242225,52.9892163743201,3.489,91.5783060866328,False,HIC
ITA,Italy,62802.5108384276,83.9512195121951,2.3,103.566017150879,34.3,5.07573834102673,89.2207202,62.5232263591126,6.391,69.680861801678,False,HIC
JAM,Jamaica,13291.253767787,71.606,16.4,97.2972106933594,39.9,2.84378384565939,90.10870361,,3.286,59.4254051751628,False,UMC
JPN,Japan,55421.8797530311,84.0363414634146,1.8,101.125762939453,32.3,7.84242057238933,85.54153081,44.8529388577573,2.451,92.3001449420786,False,HIC
JOR,Jordan,12631.6299394746,77.981,12.0,98.5516247069238,33.7,2.0898692239058,95.62244985,145.994246288526,16.535,93.2085150119551,False,UMC
KAZ,Kazakhstan,44293.4839632441,74.531,7.4,97.332988440748,29.2,12.5678187536661,93.39167254,57.1613431963924,4.771,62.3855569507987,False,UMC
KEN,Kenya,7015.93578839722,63.834,34.2,98.2483475806861,38.5,0.38344092060836,34.97622513,37.5210445911226,5.449,32.2121192871745,False,LMC
KIR,Kiribati,3936.61263730517,66.6,38.8,95.2685003274394,24.7,0.592485763986976,89.44029999,102.110426164684,,63.3850857782871,False,LMC
KOR,"Korea, Rep.",63124.9152183625,83.6292682926829,2.3,100.866508483887,32.9,11.3622569893006,97.89563777,86.3616006442431,2.683,81.1740263306674,False,HIC
XKX,Kosovo,19263.3268800963,78.222,8.0,,38.3,,89.4430319734879,118.190884160552,,50.9260971650398,False,UMC
KWT,Kuwait,56467.7272075432,84.580487804878,7.0,82.3634126791806,,23.6726718577295,100.0,93.9909162684119,2.181,100.0,False,HIC
KGZ,Kyrgyz Republic,9219.51443675205,72.4,14.8,98.9535427608138,27.5,1.48784220370685,92.0286026,92.4074476416439,3.526,34.7463537261057,False,LMC
LAO,Lao PDR,10382.9990718948,69.225,27.2,93.1435250140429,34.7,3.35435098295083,65.59269714,75.0918909204124,1.187,40.3129835040701,False,LMC
LVA,Latvia,46136.689377286,76.4292682926829,2.2,97.5693511962891,34.0,3.647774745944,92.70757011,129.724453873327,6.568,68.6325719753517,False,HIC
LBN,Lebanon,11917.4502960889,77.945,15.3,81.7691124093498,35.5,1.89531037233795,80.63400269,82.2323604617121,10.985,90.9602314263044,False,LMC
LSO,Lesotho,3184.11725194709,57.798,56.3,80.1830208282055,44.9,0.428078272524913,51.79660034,153.981493548807,16.315,44.6695855817109,False,LMC
LBR,Liberia,1981.09483342188,62.324,63.2,66.5939255094706,35.3,0.154485706553412,32.23360062,,2.884,56.0819747159338,False,LIC
LBY,Libya,16521.3998152838,71.121,7.9,106.998237609863,,8.66457129316627,81.95449829,137.658573201308,18.758,87.9112413015221,False,UMC
LTU,Lithuania,56837.8067003598,77.1951219512195,2.8,100.533866882324,36.0,4.49056496639174,89.16116293,142.106304695382,6.731,69.0816381352764,False,HIC
LUX,Luxembourg,156542.075847247,83.1951219512195,1.9,99.2204437255859,33.6,10.5572722492364,99.12902211,349.886879178876,6.343,94.8841729598587,False,HIC
MAC,"Macao SAR, China",137030.679100085,83.3317073170732,,89.8103044496487,,2.52532751091703,89.82640076,139.140512869582,2.347,100.0,False,HIC
MDG,Madagascar,1952.48426903369,63.835,43.0,132.73958355273,36.8,0.146494805123461,18.67790031,54.2413796011714,3.041,32.9017070836898,False,LIC
MWI,Malawi,1899.29166528127,67.561,38.0,139.016258677384,38.5,0.221419380007265,18.96159935,39.3994694717291,5.072,17.5949868386317,False,LIC
MYS,Malaysia,41497.6746089548,76.821,7.0,90.3595586965317,40.7,8.32321620146515,98.0206059,136.39642032295,3.764,77.3948812296229,False,UMC
MDV,Maldives,28554.8945669737,81.285,4.7,99.7145381635289,29.3,3.56650922036609,85.23999786,156.473955741011,4.514,42.5061567995467,False,UMC
MLI,Mali,3502.76132351788,60.675,47.5,72.7972336510107,35.7,0.302799241541437,36.80149841,48.7722026619492,2.831,32.2127137183989,False,LIC
MLT,Malta,72210.3392223985,82.9560975609756,4.7,97.7078399658203,31.8,3.17888641409729,93.86029816,219.014371043081,2.896,95.6805856649593,False,HIC
MHL,Marshall Islands,8964.32212870807,67.075,22.7,101.801289343951,35.5,0.00266325769681474,65.915802,115.909090909091,,79.105503091452,False,UMC
MRT,Mauritania,7675.51996658445,68.713,30.2,105.434763333022,32.0,0.969475151347498,45.77939987,94.0242632380265,10.319,61.4888190537696,False,LMC
MUS,Mauritius,33666.64355884,73.7890243902439,13.8,107.347861424363,36.8,3.53634151803811,73.30793533,139.942681072644,5.635,39.0369663368524,False,UMC
MEX,Mexico,25868.4787520629,75.264,12.1,102.280960083008,42.6,3.63738680384754,83.12233799,79.9239525815655,2.673,80.0408930629723,False,UMC
FSM,"Micronesia, Fed. Sts.",4604.39540764468,67.357,20.3,82.1598198983817,40.1,0.00176740897843761,39.52360153,93.0654112335332,,22.4809290622703,False,UMC
MDA,Moldova,19995.7590923995,71.332,15.1,107.605837807201,26.8,3.41675873098598,77.3687973,92.6661727857921,1.505,43.7336240404545,False,UMC
MNG,Mongolia,20797.7652692242,72.3980487804878,11.2,92.3400789423552,31.4,7.84665630954259,85.12349701,130.707440813275,5.233,71.1450719126123,False,UMC
MNE,Montenegro,35422.6449824931,77.890243902439,1.9,106.109619140625,34.3,,88.88258428,105.773801433894,13.572,65.6085083521036,False,UMC
MAR,Morocco,11111.7080078125,75.493,14.7,116.588650279809,39.5,1.83925269318779,91.2,93.1016567989424,9.0,63.1278612260269,False,LMC
MOZ,Mozambique,1697.94109338132,63.797,43.7,119.162225223393,49.6,0.292006477521244,20.52729988,97.1038097628682,6.628,37.2077944927189,False,LIC
MMR,Myanmar,6011.53492175516,67.095,32.8,120.214569091797,30.7,0.575463259318228,45.4477005,,3.047,30.5836915476767,False,LMC
NAM,Namibia,11985.7200318677,67.516,36.4,120.719328687086,59.1,1.20450237960009,64.87460327,108.580501173828,19.291,50.8666984399326,False,LMC
NRU,Naoero,14200.486778198,62.279,7.7,94.4013308884636,32.4,0.0,83.01170349,165.441176470588,,100.0,False,HIC
NPL,Nepal,6175.15897150244,70.636,22.2,128.558746514108,30.0,0.535964084109792,46.32189941,42.5520448428369,10.465,66.999424884859,False,LMC
NLD,Netherlands,87320.1477254029,81.9658536585366,3.4,104.15657043457,25.7,6.60188395966651,97.00679779,150.119970359267,3.874,95.9385903481191,False,HIC
NZL,New Zealand,57350.3627657521,82.009756097561,4.0,96.6948623657227,,6.01410207939509,93.51930237,50.6607664427853,5.076,83.9978515774731,False,HIC
NIC,Nicaragua,9283.92301511154,75.1,9.4,109.536392211914,46.2,0.829841501184187,61.39550018,96.4496947305229,5.04,59.4435892957332,False,LMC
NER,Niger,2177.25014417163,61.433,65.6,64.6534815281519,32.9,0.118901709547783,15.55760002,33.9056863589743,0.394,18.3740697195469,False,LIC
NGA,Nigeria,9531.61073275049,54.635,69.8,89.5871124267578,33.9,0.566917637661195,41.21139908,26.1665128655299,3.064,63.7754180467872,False,LMC
MKD,North Macedonia,28028.5664230631,76.6165853658537,2.5,96.3131713867188,33.5,3.99992545326879,93.1,133.043033840548,12.256,62.8909857826036,False,UMC
NOR,Norway,104043.666429243,83.1609756097561,2.0,98.5439224243164,26.5,7.17830173255862,99.0,79.0528319312867,4.637,83.5705787708326,False,HIC
OMN,Oman,42295.1761223734,80.246,8.3,94.7204132080078,,18.6519911434889,95.25174678,114.852671596819,3.251,79.4781383307689,False,HIC
PAK,Pakistan,6573.41613369925,67.799,48.2,83.726068200404,33.5,0.811831809174961,57.253,27.1935373787664,5.42,39.5256010979606,False,LMC
PLW,Palau,23051.6787122681,69.383,18.6,106.937269372694,,82.8426109070359,83.92549896,105.811955583144,,79.2835934246556,False,HIC
PAN,Panama,43902.1632084954,79.775,12.0,96.9385299682617,49.7,2.73829900364892,72.77149963,83.6737788620216,8.36,66.1500999418126,False,HIC
PNG,Papua New Guinea,5214.768271628,66.256,31.3,121.090488343548,41.9,0.516966762734976,18.81159973,131.082911016249,2.571,15.7797448680276,False,LMC
PRY,Paraguay,20181.4242826808,73.982,14.5,89.4386417386793,44.2,1.1581935050359,81.57806793,76.4780703309698,4.803,70.3897639855864,False,UMC
PER,Peru,18816.1045522938,77.941,11.0,112.787780761719,40.1,2.02424185179617,81.95705992,51.8154829678647,5.117,85.5963484845463,False,UMC
PHL,Philippines,12576.9867435109,69.946,21.7,94.0330906383194,39.3,1.5030109111702,67.26300914,66.7936053314343,2.235,55.7732907605332,False,UMC
POL,Poland,54262.4040405236,78.409756097561,3.6,105.358512878418,28.5,7.55108565871718,88.58496367,97.0301822542829,2.976,60.0853330309371,False,HIC
PRT,Portugal,53145.7317498942,82.3829268292683,2.7,110.98851776123,33.9,3.32476489948602,88.48704454,86.3988769792664,6.164,61.4953199318985,False,HIC
PRI,Puerto Rico (US),52195.5534213472,81.902,,87.9278775085621,,4.81811048233563,87.29178106,90.4580438617492,5.991,94.3404836598892,False,HIC
QAT,Qatar,128882.934242572,82.522,4.8,97.5567016601562,35.1,47.3321641445828,98.08540344,100.213647199618,0.13,99.3593427696312,False,HIC
ROU,Romania,50895.081617639,76.4585365853659,6.0,84.946662902832,29.8,3.72055055783694,91.29048551,76.214786342907,5.992,52.1728885041698,False,HIC
RUS,Russian Federation,49568.140625,73.4404878048781,4.1,97.7462041476013,33.0,13.9845411189425,94.36495368,33.7100508676248,2.133,75.2506636608215,False,HIC
RWA,Rwanda,4164.436605809,68.017,29.4,149.572183149389,39.4,0.162128792997641,31.70330048,56.673349749538,11.363,30.9133840928162,False,LIC
WSM,Samoa,9318.95775945515,71.826,12.3,101.043324329961,38.7,1.60444731881166,21.20000076,70.6296323498584,4.996,17.5063874123422,False,UMC
SMR,San Marino,78810.3378046111,85.817,1.2,93.5309973045822,,,97.35220337,340.983400117352,,97.1870254171573,False,HIC
STP,Sao Tome and Principe,6388.47738664299,69.905,9.2,110.377998352051,40.7,0.627080361388493,59.11759949,46.5686308941032,9.132,69.1721865415984,False,LMC
SAU,Saudi Arabia,73783.5613906833,78.982,4.7,103.984471859469,,18.4845842582552,100.0,57.9182238579808,3.038,84.6123121062185,False,HIC
SEN,Senegal,5463.21828561328,68.924,28.9,85.3279669566335,36.2,0.767609570951958,60.11780167,71.0687063150657,2.735,55.7672494455246,False,LMC
SRB,Serbia,33909.7605745332,75.9682926829268,4.6,95.9914169311523,32.8,,87.69071294,112.923490609083,7.123,62.6379872799333,False,UMC
SYC,Seychelles,35854.0281615068,76.2951219512195,12.9,93.3800582885742,32.1,7.23667946668425,87.81800079,172.28733997155,,45.4828390704609,False,HIC
SLE,Sierra Leone,3716.89410482498,61.964,54.6,162.123997594776,35.7,0.16915022896262,25.10499954,49.0960746822456,3.15,45.9267781356681,False,LIC
SGP,Singapore,163353.990260152,83.3463414634146,2.2,100.245139192048,,9.75144363129176,94.37757178,320.306025413626,2.818,100.0,False,HIC
SXM,Sint Maarten (Dutch part),56490.5015205836,76.528,,135.070755004883,,,,,,100.0,False,HIC
SVK,Slovak Republic,49308.7048471448,78.3707317073171,5.3,102.752586364746,23.8,5.51311685631444,89.82507032,170.342496403331,5.359,53.1940341971169,False,HIC
SVN,Slovenia,59244.7106359661,82.2853658536585,1.8,100.884101867676,24.7,6.26652251574692,90.76355487,151.915368839135,3.175,55.9906997845822,False,HIC
SLB,Solomon Islands,2787.61656406214,70.694,16.4,81.8445759596103,37.1,0.383912070097827,29.04070091,111.352972154204,1.431,31.3093190325418,False,LMC
SOM,"Somalia, Fed. Rep.",1642.77032278186,58.967,65.4,20.9155502319336,,0.0455149206821494,27.94020081,128.063438809135,18.948,55.1399062872976,False,LIC
ZAF,South Africa,15905.6794419658,66.312,24.2,101.772235793474,54.1,6.87684962627712,78.35759735,60.9110971393628,32.391,63.8154011002522,False,UMC
SSD,South Sudan,1154.88686304107,57.738,71.9,98.4412384033203,44.0,,6.671000004,65.5513491845003,12.374,21.6843599017401,False,LIC
ESP,Spain,59867.6944716701,83.8878048780488,2.6,102.936981201172,33.4,4.50540688376633,95.7574516,69.4508260073781,10.376,80.5149251039138,False,HIC
LKA,Sri Lanka,17065.0298635432,77.672,5.2,91.4511421235026,37.7,1.06473352801606,54.59,41.8090026525048,4.005,20.4501355167937,False,UMC
KNA,St. Kitts and Nevis,36777.262691657,72.281,13.9,121.118748518606,,2.88410221377794,76.88400269,,,31.8987713138283,False,HIC
LCA,St. Lucia,28673.8437920214,72.846,15.8,96.7822958387075,43.7,1.71076642335766,68.20500183,,9.452,29.096571131107,False,UMC
VCT,St. Vincent and the Grenadines,22799.4005332261,71.382,10.2,111.436840631127,,1.31191858153773,76.19010162,,18.003,47.9810480381821,False,UMC
SDN,Sudan,2192.27221679688,66.521,42.9,72.3981094360352,34.2,0.433463815698253,18.60000038,2.38193028387697,7.53,34.9349444966605,False,LIC
SUR,Suriname,22652.3952637959,73.757,14.8,91.9199272065514,39.2,4.06111933370217,87.4,90.9613941465855,7.834,65.7886836406706,False,UMC
SWE,Sweden,72528.8892631159,84.0634146341463,2.0,114.869583129883,29.3,3.57381645984766,95.76629783,104.335210186728,8.694,89.0778677789555,False,HIC
CHE,Switzerland,102513.347221899,84.4073170731707,3.4,101.21174621582,33.8,3.74568795220564,97.32103855,147.162051317959,4.873,85.7272157802756,False,HIC
SYR,Syrian Arab Republic,4905.15252202552,72.56,17.7,81.4114685058594,26.4,1.27467701221914,33.77000046,35.4372421451582,13.569,72.0836286208518,False,LIC
TJK,Tajikistan,5923.47183321348,71.927,23.5,95.7571411611065,36.1,0.922478268427306,55.79339981,59.0899316296485,6.931,26.16476270853,False,LMC
TZA,Tanzania,4470.9541015625,67.212,28.7,92.6902654262381,40.5,0.311205530057348,31.16209984,38.9715711395739,1.572,36.8833115936643,False,LMC
THA,Thailand,26250.0723587304,76.564,7.7,100.728168483387,33.3,3.96005269352319,90.86718789,138.413686011523,0.781,62.7993377136296,False,UMC
TLS,Timor-Leste,4809.49016945191,67.904,34.6,119.652693100113,28.7,0.499343870436187,35.04199982,95.4485030105899,1.592,28.7864318960935,False,LMC
TGO,Togo,4079.36376686718,62.935,34.8,114.272773524266,37.9,0.312565499458875,39.48320007,59.9291777017427,1.995,44.3949892074399,False,LMC
TON,Tonga,8674.68048447494,73.07,7.8,108.789986091794,27.1,1.62994960403168,67.4417038,77.5794710114187,2.008,21.1561406217448,False,UMC
TTO,Trinidad and Tobago,37121.2050020847,73.617,17.0,98.262990670178,40.2,19.5810522730943,82.15989685,,3.329,53.9696087417106,False,HIC
TUN,Tunisia,15233.4885842318,76.711,9.7,104.424217224121,33.7,2.62113010481539,76.5,101.446205451707,15.108,70.7029326009864,False,LMC
TUR,Turkiye,45288.4750285273,77.421,8.0,102.43807220459,43.7,5.37926453268486,89.77024003,49.9346783626928,8.52,89.494060002186,False,UMC
TKM,Turkmenistan,22601.5518373128,70.201,30.4,95.6921775462619,40.8,10.8623686336296,17.99029922,28.1660712907997,4.267,47.1053608253747,False,UMC
TCA,Turks and Caicos Islands,38009.5079479808,78.181,3.0,125.059584610146,,4.92317610400774,0.0,,,94.3959450720822,False,HIC
TUV,Tuvalu,6759.27941373717,67.259,16.5,101.138952164009,39.1,0.0,35.20000076,,,65.4480709525093,False,UMC
UGA,Uganda,3487.69797525182,68.487,35.9,106.169578552246,42.7,0.165048181856788,8.949831061,50.1990176084385,2.746,31.9399557536617,False,LIC
UKR,Ukraine,18904.98046875,74.692,7.6,93.3063201904297,25.6,3.12934781865114,82.47489929,77.1802739924807,9.834,69.5954924645764,False,UMC
ARE,United Arab Emirates,79343.7793099888,83.069,3.8,108.044420617858,26.4,18.2552064370494,100.0,199.044950127107,2.174,85.9617641324017,False,HIC
GBR,United Kingdom,64606.4955066338,81.3868536585366,4.1,102.171287536621,32.4,4.22077337220883,95.4720993,62.4573294634195,4.746,83.323608078271,False,HIC
USA,United States,90026.5163005744,78.890243902439,5.5,96.9717330932617,41.8,13.6238622652793,94.69380188,25.0160172978284,4.198,80.1921733027869,False,HIC
URY,Uruguay,38314.8861221656,78.287,6.2,104.532465643859,40.0,2.56756948291319,91.99109007,49.7171497188849,7.516,95.6537192104085,False,HIC
UZB,Uzbekistan,13601.2917473678,72.528,12.8,120.864046720012,32.7,4.08501666540206,89.50550079,57.4005392040216,4.622,51.0173495084299,False,LMC
VUT,Vanuatu,4525.23645747645,71.654,14.4,112.491972007523,32.3,0.869798674098549,22.35140038,73.3835043414732,5.073,22.3219888836722,False,LMC
VEN,"Venezuela, RB",21282.6399697602,72.673,21.2,113.693878173828,44.7,3.39410515757435,76.67890167,25.0115313779011,5.307,89.3219112298988,False,LMC
VNM,Viet Nam,18088.491587163,74.736,12.0,106.332886485835,36.1,4.26605675468195,84.15,190.336808817292,1.523,38.8299160351294,False,UMC
VIR,Virgin Islands (U.S.),49785.1412220186,80.7707317073171,,124.084976196289,,0.00191613094838901,64.3774942980087,205.629280821918,11.443,95.388579075538,False,HIC
PSE,West Bank and Gaza,4999.71301859773,69.213,17.0,91.4422361153306,36.4,,86.63765334,74.7604429402753,24.42,87.3818962963393,False,LMC
YEM,"Yemen, Rep.",3164.32154223615,69.439,33.8,76.9753799438477,36.7,0.260706631942251,17.49099922,56.0778227215077,17.322,37.0336664607078,False,LIC
ZMB,Zambia,4379.26131013191,66.528,34.6,115.550919335782,51.5,0.542961477377669,17.10099983,62.5348874064443,5.918,45.9171510161461,False,LMC
ZWE,Zimbabwe,6470.41613223905,63.064,62.4,93.0772110334414,50.3,0.772821434267465,41.64279938,41.5039527238816,9.293,40.4951287431452,False,LMC
ASM,American Samoa,,72.992,,89.9076309204102,,0.0021383513311237,0.0,124.684270952928,,80.5123508239818,False,HIC
VGB,British Virgin Islands,,77.431,11.4,72.7799911499023,,2.32575815155431,77.7042682926829,,,57.3951909813643,False,HIC
CHI,Channel Islands,,81.2,,,,,,,6.169,32.6430856346098,False,HIC
CUB,Cuba,,78.264,6.8,98.1092191903079,,1.9129886264601,70.47699738,124.863238865053,1.746,77.2270774821152,False,UMC
PYF,French Polynesia,,84.192,,108.143379211426,,3.45591131519089,72.7038953132942,64.4688665693732,11.662,61.7583766473831,False,HIC
GIB,Gibraltar,,83.63,,101.773180642778,,16.1483892293219,94.4444715818151,,,100.0,False,HIC
GUM,Guam,,77.422,,77.9228591918945,,0.00178808775934723,80.5054655600831,71.8668596237337,5.569,94.2197463433641,False,HIC
IMN,Isle of Man,,81.091,,,,,,,,52.1358064010515,False,HIC
PRK,"Korea, Dem. People's Rep.",,73.743,13.3,92.0648422241211,,2.49971102490099,0.0,,3.545,64.1897858311258,False,LIC
LIE,Liechtenstein,,84.2,,102.110137939453,,,98.2641983,,,14.6298998993293,False,HIC
MCO,Monaco,,86.497,2.2,120.58309173584,,,99.04489899,,,100.0,False,HIC
NCL,New Caledonia,,78.921,,116.012268066406,,17.0800884366062,82.0058408035186,40.3689577306469,11.174,68.1717888335577,False,HIC
MNP,Northern Mariana Islands,,78.947,,,,0.00225845792492886,0.0,93.1569343065693,,92.1765383642716,False,HIC
MAF,St. Martin (French part),,80.438,,,,,,,,100.0,False,HIC
